{
  "n_topics": 2,
  "max_iter": 10,
  "perplexity": 8192.494591407445,
  "top_words": [
    [
      "say",
      "39",
      "new",
      "reuters",
      "company",
      "gt",
      "lt",
      "inc",
      "year",
      "report"
    ],
    [
      "39",
      "say",
      "new",
      "year",
      "ap",
      "game",
      "first",
      "win",
      "two",
      "quot"
    ]
  ],
  "top_documents": [
    {
      "topic": 0,
      "top_documents": [
        96205,
        102495,
        65479,
        100710,
        96006,
        96372,
        109988,
        118871,
        91754,
        92809
      ],
      "probabilities": [
        0.9952114031773456,
        0.9952023461991355,
        0.9951430209846768,
        0.9950665969018203,
        0.9950474714336756,
        0.9949322618201736,
        0.9948620074984759,
        0.9946673855751998,
        0.9945538524655909,
        0.9944657867344253
      ]
    },
    {
      "topic": 1,
      "top_documents": [
        50457,
        37096,
        38888,
        37212,
        59935,
        32323,
        37466,
        16899,
        37467,
        37465
      ],
      "probabilities": [
        0.9913205334061654,
        0.9905192571405153,
        0.9897796575244427,
        0.9896829370961763,
        0.9896431810969623,
        0.9896357840066036,
        0.9894722465560085,
        0.9894456991924444,
        0.9894167419501012,
        0.9893905937882511
      ]
    }
  ]
}