{
  "n_topics": 4,
  "max_iter": 10,
  "perplexity": 4107.234579251677,
  "top_words": [
    [
      "say",
      "ap",
      "palestinian",
      "iraq",
      "right",
      "military",
      "top",
      "report",
      "official",
      "security"
    ],
    [
      "say",
      "president",
      "united",
      "government",
      "minister",
      "state",
      "nation",
      "ap",
      "peace",
      "country"
    ],
    [
      "say",
      "kill",
      "people",
      "reuters",
      "minister",
      "two",
      "prime",
      "baghdad",
      "least",
      "official"
    ],
    [
      "president",
      "election",
      "leader",
      "former",
      "year",
      "court",
      "say",
      "reuters",
      "presidential",
      "rule"
    ]
  ],
  "top_documents": [
    {
      "topic": 0,
      "top_documents": [
        15,
        108,
        885,
        1189,
        37,
        53,
        1595,
        0,
        4316,
        99
      ],
      "probabilities": [
        0.9910166350882197,
        0.990130478602007,
        0.9886352295134024,
        0.9871787768218987,
        0.9866056563421106,
        0.9866030009277474,
        0.9859802319496482,
        0.9859797515819614,
        0.9859797515819614,
        0.9859795710943602
      ]
    },
    {
      "topic": 1,
      "top_documents": [
        39,
        40,
        226,
        22,
        221,
        16,
        749,
        306,
        156,
        533
      ],
      "probabilities": [
        0.9886344682639775,
        0.9881879398214369,
        0.9871784855389071,
        0.9871779938531222,
        0.9871777995267246,
        0.9866059382790947,
        0.986604683628378,
        0.9866042523481465,
        0.9866041923866212,
        0.9859793277955637
      ]
    },
    {
      "topic": 2,
      "top_documents": [
        166,
        510,
        1392,
        1139,
        1,
        916,
        1489,
        353,
        1321,
        3031
      ],
      "probabilities": [
        0.9897923803779095,
        0.9894345317272387,
        0.9890501802589319,
        0.9877037607286685,
        0.9877028025727469,
        0.9871785876120514,
        0.9871773086334212,
        0.9871765194932631,
        0.9866064333945975,
        0.9866057562024741
      ]
    },
    {
      "topic": 3,
      "top_documents": [
        38,
        85,
        18,
        119,
        102,
        248,
        507,
        509,
        150,
        81
      ],
      "probabilities": [
        0.987176607221854,
        0.9859788694142209,
        0.9845344001750422,
        0.9845301758533302,
        0.9836945168101112,
        0.9836928385415078,
        0.9827531902782192,
        0.9817013709597671,
        0.9805158682977918,
        0.9805143692787286
      ]
    }
  ]
}