{
  "n_topics": 2,
  "max_iter": 5,
  "perplexity": 8485.442372584706,
  "top_words": [
    [
      "say",
      "reuters",
      "new",
      "39",
      "gt",
      "lt",
      "year",
      "company",
      "inc",
      "quot"
    ],
    [
      "39",
      "say",
      "new",
      "ap",
      "game",
      "first",
      "win",
      "year",
      "reuters",
      "two"
    ]
  ],
  "top_documents": [
    {
      "topic": 0,
      "top_documents": [
        102495,
        96205,
        118871,
        65479,
        96372,
        100710,
        91754,
        91451,
        96006,
        79466
      ],
      "probabilities": [
        0.9952037149274607,
        0.9951582260049933,
        0.9949418078091529,
        0.9949340680636657,
        0.9948642296614129,
        0.9948350265420611,
        0.9948305797481148,
        0.9948259500266167,
        0.9948028117461741,
        0.9947672944380018
      ]
    },
    {
      "topic": 1,
      "top_documents": [
        50457,
        37096,
        37465,
        37466,
        37467,
        3042,
        92984,
        59935,
        18880,
        37097
      ],
      "probabilities": [
        0.9912230447606186,
        0.9904180665911212,
        0.9899746089083683,
        0.9897692435207454,
        0.9897300904471046,
        0.9897165283168934,
        0.9895065216286305,
        0.9894930947986712,
        0.9892443633345621,
        0.9891785830201696
      ]
    }
  ]
}