{
  "n_topics": 2,
  "max_iter": 20,
  "perplexity": 8027.259106563801,
  "top_words": [
    [
      "say",
      "39",
      "new",
      "reuters",
      "company",
      "gt",
      "lt",
      "year",
      "inc",
      "report"
    ],
    [
      "39",
      "say",
      "ap",
      "game",
      "two",
      "year",
      "first",
      "win",
      "quot",
      "new"
    ]
  ],
  "top_documents": [
    {
      "topic": 0,
      "top_documents": [
        96205,
        65479,
        102495,
        100710,
        109988,
        96372,
        96006,
        105943,
        108550,
        118871
      ],
      "probabilities": [
        0.9951917565912486,
        0.9951836554308011,
        0.9951725528656051,
        0.9951074047484472,
        0.9950962386491643,
        0.9949629753292526,
        0.9949401708926607,
        0.9945909881046124,
        0.994584256413501,
        0.9945664040882053
      ]
    },
    {
      "topic": 1,
      "top_documents": [
        50457,
        37096,
        38888,
        59935,
        32323,
        37466,
        15855,
        37212,
        55353,
        34247
      ],
      "probabilities": [
        0.9912145679192965,
        0.9902392574002636,
        0.9897701954983482,
        0.9896477083418602,
        0.9896301689318523,
        0.989622407931103,
        0.9895213401170063,
        0.9894218480703045,
        0.9892115251887753,
        0.989203406148214
      ]
    }
  ]
}