{
  "n_topics": 5,
  "max_iter": 10,
  "perplexity": 4058.675782463594,
  "top_words": [
    [
      "president",
      "say",
      "ap",
      "palestinian",
      "country",
      "leader",
      "united",
      "right",
      "afp",
      "new"
    ],
    [
      "say",
      "kill",
      "people",
      "reuters",
      "police",
      "two",
      "attack",
      "call",
      "election",
      "least"
    ],
    [
      "say",
      "minister",
      "prime",
      "government",
      "reuters",
      "election",
      "talk",
      "official",
      "india",
      "china"
    ],
    [
      "world",
      "tsunami",
      "president",
      "leader",
      "reuters",
      "million",
      "political",
      "next",
      "year",
      "east"
    ],
    [
      "say",
      "iraq",
      "former",
      "iraqi",
      "court",
      "military",
      "year",
      "british",
      "saddam",
      "first"
    ]
  ],
  "top_documents": [
    {
      "topic": 0,
      "top_documents": [
        108,
        40,
        103,
        37,
        0,
        4316,
        59,
        264,
        372,
        122
      ],
      "probabilities": [
        0.9868827520822158,
        0.9843099560076626,
        0.9829733338144788,
        0.9822210446914863,
        0.9813934096179738,
        0.9813934096179738,
        0.9804856606898186,
        0.9804853550981488,
        0.98047915147185,
        0.9794856322338601
      ]
    },
    {
      "topic": 1,
      "top_documents": [
        89,
        401,
        63,
        32,
        110,
        86,
        926,
        2449,
        61,
        318
      ],
      "probabilities": [
        0.9822184459274994,
        0.982217680191465,
        0.9813946614324948,
        0.9813906172380278,
        0.9804848084610438,
        0.9794838247068496,
        0.9794832938901771,
        0.9783773756361305,
        0.9783771628978372,
        0.9771361859613119
      ]
    },
    {
      "topic": 2,
      "top_documents": [
        798,
        120,
        623,
        80,
        47,
        147,
        25,
        384,
        2141,
        64
      ],
      "probabilities": [
        0.982220796925762,
        0.9822198793095209,
        0.9822180942865761,
        0.9813924365180274,
        0.9804855636465302,
        0.9783776124297477,
        0.9783720902750646,
        0.9757550676215149,
        0.9757520814962604,
        0.9757520760966821
      ]
    },
    {
      "topic": 3,
      "top_documents": [
        245,
        469,
        391,
        92,
        98,
        51,
        27,
        119,
        3135,
        11
      ],
      "probabilities": [
        0.9822182530363089,
        0.9757552990155762,
        0.9724044035196666,
        0.9703681156331964,
        0.9703632073270048,
        0.8950508482977766,
        0.8848835481875396,
        0.8835719838576059,
        0.8781563742655082,
        0.8778024669215343
      ]
    },
    {
      "topic": 4,
      "top_documents": [
        510,
        524,
        1392,
        1139,
        38,
        71,
        83,
        621,
        126,
        641
      ],
      "probabilities": [
        0.9859606046809996,
        0.9854533274424567,
        0.9854507505372819,
        0.983668706543115,
        0.9829775989068243,
        0.9829772459701661,
        0.9822209764343962,
        0.9813940865581954,
        0.9813909149874007,
        0.9804865167880992
      ]
    }
  ]
}