{
  "n_topics": 2,
  "max_iter": 10,
  "perplexity": 3256.4846089025023,
  "top_words": [
    [
      "say",
      "kill",
      "two",
      "people",
      "official",
      "reuters",
      "iraq",
      "year",
      "ap",
      "military"
    ],
    [
      "say",
      "president",
      "minister",
      "election",
      "leader",
      "reuters",
      "prime",
      "government",
      "palestinian",
      "new"
    ]
  ],
  "top_documents": [
    {
      "topic": 0,
      "top_documents": [
        15,
        108,
        301,
        90,
        1246,
        101,
        3419,
        2119,
        2657,
        1766
      ],
      "probabilities": [
        0.9969871341276352,
        0.996687837840419,
        0.9963232546676279,
        0.996322989726964,
        0.9963229857646482,
        0.9961828725706369,
        0.9961824802918796,
        0.9960307129447632,
        0.9960298527740881,
        0.9958674526399759
      ]
    },
    {
      "topic": 1,
      "top_documents": [
        4876,
        3350,
        166,
        1900,
        510,
        2264,
        886,
        546,
        1392,
        3666
      ],
      "probabilities": [
        0.9966882444633273,
        0.9966879635146964,
        0.9965749547072582,
        0.9965748640274197,
        0.9964535349862139,
        0.9963233405217264,
        0.9963231230743982,
        0.9963229955963809,
        0.996322805107764,
        0.996182938225688
      ]
    }
  ]
}