{
  "n_topics": 2,
  "max_iter": 10,
  "perplexity": 7882.856284687814,
  "top_words": [
    [
      "say",
      "reuters",
      "new",
      "year",
      "report",
      "thursday",
      "wednesday",
      "president",
      "monday",
      "stock"
    ],
    [
      "new",
      "year",
      "game",
      "first",
      "win",
      "company",
      "ap",
      "one",
      "two",
      "say"
    ]
  ],
  "top_documents": [
    {
      "topic": 0,
      "top_documents": [
        65479,
        65349,
        78366,
        65324,
        68603,
        82270,
        86473,
        71545,
        69846,
        82730
      ],
      "probabilities": [
        0.9929124993611336,
        0.9925456519978608,
        0.9923305654448508,
        0.9919259213475974,
        0.9915677677696332,
        0.991512906246326,
        0.9912273555421945,
        0.991026477196415,
        0.9909275946455343,
        0.990740194538338
      ]
    },
    {
      "topic": 1,
      "top_documents": [
        61676,
        97162,
        101004,
        41009,
        117211,
        109814,
        104335,
        106396,
        96905,
        90794
      ],
      "probabilities": [
        0.9936598303517508,
        0.9916557411143103,
        0.991499575521401,
        0.9914808852830075,
        0.9912587886322727,
        0.9909159378108452,
        0.9908226536777884,
        0.9906847743632603,
        0.9906297328538377,
        0.990526071207461
      ]
    }
  ]
}