{
  "n_classes": 4,
  "experiments": {
    "5": {
      "2": {
        "perplexity": 8485.442372584706
      },
      "4": {
        "perplexity": 11324.536848743954
      },
      "5": {
        "perplexity": 12413.47833158899
      },
      "10": {
        "perplexity": 23221.080143224244
      },
      "20": {
        "perplexity": 55391.767190068786
      },
      "40": {
        "perplexity": 187059.66147578
      }
    },
    "10": {
      "2": {
        "perplexity": 8192.494591407445
      },
      "4": {
        "perplexity": 10314.264928942954
      },
      "5": {
        "perplexity": 11134.94224863929
      },
      "10": {
        "perplexity": 17259.036461844
      },
      "20": {
        "perplexity": 32188.23325161607
      },
      "40": {
        "perplexity": 65674.8576647398
      }
    },
    "20": {
      "2": {
        "perplexity": 8027.259106563801
      },
      "4": {
        "perplexity": 10018.150892935011
      },
      "5": {
        "perplexity": 10771.975954407984
      },
      "10": {
        "perplexity": 15587.421265680357
      },
      "20": {
        "perplexity": 25929.618402831882
      },
      "40": {
        "perplexity": 45970.58096036643
      }
    }
  }
}