{
  "n_classes": 4,
  "experiments": {
    "10": {
      "2": {
        "perplexity": 3256.4846089025023
      },
      "4": {
        "perplexity": 4107.234579251677
      },
      "5": {
        "perplexity": 4058.675782463594
      },
      "10": {
        "perplexity": 4067.0451801375248
      },
      "20": {
        "perplexity": 4182.2589074218995
      },
      "40": {
        "perplexity": 4241.1649560519645
      }
    }
  }
}