{
  "n_classes": 4,
  "experiments": {
    "10": {
      "2": {
        "perplexity": 7882.856284687814
      },
      "4": {
        "perplexity": 9982.673110923166
      },
      "5": {
        "perplexity": 11115.006828596224
      },
      "10": {
        "perplexity": 16184.32333544032
      },
      "20": {
        "perplexity": 29624.131230989882
      },
      "40": {
        "perplexity": 63626.88872579031
      }
    }
  }
}