{
  "svm_kernels": {
    "linear": [
      {
        "model_type": "svm",
        "kernel": "linear",
        "max_iter": 500,
        "training_time": 0.5065159797668457,
        "accuracy": 0.461,
        "precision": 0.4583364035895681,
        "recall": 0.45467402513396427,
        "f1_score": 0.45125359032254897,
        "per_class_precision": {
          "0": 0.4008438818565401,
          "1": 0.6666666666666666,
          "2": 0.28205128205128205,
          "3": 0.4837837837837838
        },
        "per_class_recall": {
          "0": 0.4025423728813559,
          "1": 0.5454545454545454,
          "2": 0.22448979591836735,
          "3": 0.6462093862815884
        },
        "per_class_f1": {
          "0": 0.40169133192389006,
          "1": 0.6,
          "2": 0.25,
          "3": 0.553323029366306
        },
        "confusion_matrix": [
          [
            95,
            27,
            58,
            56
          ],
          [
            32,
            132,
            30,
            48
          ],
          [
            81,
            22,
            55,
            87
          ],
          [
            29,
            17,
            52,
            179
          ]
        ]
      },
      {
        "model_type": "svm",
        "kernel": "linear",
        "max_iter": 1000,
        "training_time": 0.7708098888397217,
        "accuracy": 0.551,
        "precision": 0.5414550117971885,
        "recall": 0.546428132047417,
        "f1_score": 0.542585801942727,
        "per_class_precision": {
          "0": 0.4672897196261682,
          "1": 0.640926640926641,
          "2": 0.4608294930875576,
          "3": 0.5967741935483871
        },
        "per_class_recall": {
          "0": 0.423728813559322,
          "1": 0.6859504132231405,
          "2": 0.40816326530612246,
          "3": 0.6678700361010831
        },
        "per_class_f1": {
          "0": 0.4444444444444444,
          "1": 0.6626746506986028,
          "2": 0.43290043290043295,
          "3": 0.6303236797274276
        },
        "confusion_matrix": [
          [
            100,
            33,
            72,
            31
          ],
          [
            22,
            166,
            9,
            45
          ],
          [
            56,
            40,
            100,
            49
          ],
          [
            36,
            20,
            36,
            185
          ]
        ]
      },
      {
        "model_type": "svm",
        "kernel": "linear",
        "max_iter": 2000,
        "training_time": 1.125135898590088,
        "accuracy": 0.559,
        "precision": 0.5575705613877467,
        "recall": 0.5574629237384887,
        "f1_score": 0.5543717939447126,
        "per_class_precision": {
          "0": 0.5603864734299517,
          "1": 0.8395061728395061,
          "2": 0.34328358208955223,
          "3": 0.4871060171919771
        },
        "per_class_recall": {
          "0": 0.4915254237288136,
          "1": 0.8429752066115702,
          "2": 0.2816326530612245,
          "3": 0.6137184115523465
        },
        "per_class_f1": {
          "0": 0.5237020316027089,
          "1": 0.8412371134020618,
          "2": 0.3094170403587444,
          "3": 0.5431309904153355
        },
        "confusion_matrix": [
          [
            116,
            13,
            65,
            42
          ],
          [
            23,
            204,
            4,
            11
          ],
          [
            41,
            9,
            69,
            126
          ],
          [
            27,
            17,
            63,
            170
          ]
        ]
      }
    ],
    "rbf": [
      {
        "model_type": "svm",
        "kernel": "rbf",
        "max_iter": 500,
        "training_time": 0.9349789619445801,
        "accuracy": 0.862,
        "precision": 0.8625061404316723,
        "recall": 0.8630502641359289,
        "f1_score": 0.8624901634929847,
        "per_class_precision": {
          "0": 0.8723404255319149,
          "1": 0.9246031746031746,
          "2": 0.8268398268398268,
          "3": 0.8262411347517731
        },
        "per_class_recall": {
          "0": 0.8686440677966102,
          "1": 0.9628099173553719,
          "2": 0.7795918367346939,
          "3": 0.8411552346570397
        },
        "per_class_f1": {
          "0": 0.8704883227176221,
          "1": 0.9433198380566802,
          "2": 0.8025210084033614,
          "3": 0.8336314847942755
        },
        "confusion_matrix": [
          [
            205,
            10,
            11,
            10
          ],
          [
            5,
            233,
            2,
            2
          ],
          [
            15,
            2,
            191,
            37
          ],
          [
            10,
            7,
            27,
            233
          ]
        ]
      },
      {
        "model_type": "svm",
        "kernel": "rbf",
        "max_iter": 1000,
        "training_time": 1.3334357738494873,
        "accuracy": 0.873,
        "precision": 0.8730787723144053,
        "recall": 0.8744315488899334,
        "f1_score": 0.8736030243170553,
        "per_class_precision": {
          "0": 0.8841201716738197,
          "1": 0.9246031746031746,
          "2": 0.8211382113821138,
          "3": 0.862453531598513
        },
        "per_class_recall": {
          "0": 0.8728813559322034,
          "1": 0.9628099173553719,
          "2": 0.8244897959183674,
          "3": 0.8375451263537906
        },
        "per_class_f1": {
          "0": 0.8784648187633263,
          "1": 0.9433198380566802,
          "2": 0.8228105906313646,
          "3": 0.8498168498168499
        },
        "confusion_matrix": [
          [
            206,
            11,
            12,
            7
          ],
          [
            4,
            233,
            4,
            1
          ],
          [
            12,
            2,
            202,
            29
          ],
          [
            11,
            6,
            28,
            232
          ]
        ]
      },
      {
        "model_type": "svm",
        "kernel": "rbf",
        "max_iter": 2000,
        "training_time": 1.415470838546753,
        "accuracy": 0.873,
        "precision": 0.8730787723144053,
        "recall": 0.8744315488899334,
        "f1_score": 0.8736030243170553,
        "per_class_precision": {
          "0": 0.8841201716738197,
          "1": 0.9246031746031746,
          "2": 0.8211382113821138,
          "3": 0.862453531598513
        },
        "per_class_recall": {
          "0": 0.8728813559322034,
          "1": 0.9628099173553719,
          "2": 0.8244897959183674,
          "3": 0.8375451263537906
        },
        "per_class_f1": {
          "0": 0.8784648187633263,
          "1": 0.9433198380566802,
          "2": 0.8228105906313646,
          "3": 0.8498168498168499
        },
        "confusion_matrix": [
          [
            206,
            11,
            12,
            7
          ],
          [
            4,
            233,
            4,
            1
          ],
          [
            12,
            2,
            202,
            29
          ],
          [
            11,
            6,
            28,
            232
          ]
        ]
      }
    ]
  },
  "mlp": [
    {
      "model_type": "mlp",
      "kernel": null,
      "max_iter": 500,
      "training_time": 5.086447715759277,
      "accuracy": 0.841,
      "precision": 0.8420009467971377,
      "recall": 0.8427677278892025,
      "f1_score": 0.8421334811375988,
      "per_class_precision": {
        "0": 0.831275720164609,
        "1": 0.9208333333333333,
        "2": 0.7755905511811023,
        "3": 0.8403041825095057
      },
      "per_class_recall": {
        "0": 0.8559322033898306,
        "1": 0.9132231404958677,
        "2": 0.8040816326530612,
        "3": 0.7978339350180506
      },